{"cameraMode":{"drawMode":0,"name":"Shaded","section":"Shading Mode"},"sceneLighting":true,"audioPlay":false,"sceneViewState":{"m_AlwaysRefresh":false,"showFog":true,"showSkybox":true,"showFlares":true,"showImageEffects":true,"showParticleSystems":true,"showVisualEffectGraphs":true,"m_FxEnabled":true},"in2DMode":false,"pivot":{"x":3.8936409950256349,"y":-38.239654541015628,"z":45.662872314453128},"rotation":{"x":0.27057868242263796,"y":0.03840390220284462,"z":-0.010796952061355114,"w":0.9618741273880005},"size":40.315608978271487,"orthographic":false}